{"web":{"client_id":"601736846514-sot6mvedvip86sodegsgtsjrsromu1k1.apps.googleusercontent.com","project_id":"item-186211","auth_uri":"https://accounts.google.com/o/oauth2/auth","token_uri":"https://accounts.google.com/o/oauth2/token","auth_provider_x509_cert_url":"https://www.googleapis.com/oauth2/v1/certs","client_secret":"G9m5vNNqb1bLa_Xq_SQfu2a5","redirect_uris":["https://localhost:5000","https://localhost:5000/gconnect","https://localhost:5000/gdisconnect"],"javascript_origins":["https://localhost:5000"]}}